id,slug,lat,lon
1,bushy,51.410992,-0.335791
2,wimbledon,51.442078,-0.232215
3,banstead,51.307648,-0.184225
4,richmond,51.451962,-0.292886
5,woodhousemoor,53.808582,-1.560059
6,bramhall,53.374268,-2.160702
8,brighton,50.84214,-0.172498
9,cardiff,51.49736,-3.207107
10,albert,54.564972,-1.231788
11,basingstoke,51.258831,-1.082035
12,pollok,55.82992,-4.307882
14,gorleston,52.567806,1.73069
15,bedfont,51.440762,-0.451523
18,heaton,53.531975,-2.256263
19,roundshaw,51.352253,-0.11872
20,reading,51.460384,-0.941573
21,woodbank,53.408405,-2.130945
22,blackpark,51.540329,-0.5476
23,silksworth,54.883911,-1.409099
24,finsbury,51.569595,-0.104145
26,edinburgh,55.978806,-3.291585
27,bromley,51.386539,0.022874
28,southmanchester,53.446072,-2.224689
29,bexley,51.455132,0.113254
30,wakefieldthornes,53.672488,-1.509682
31,harrow,51.581781,-0.342734
34,hull,53.764645,-0.300708
35,hadleigh,51.549769,0.59606
38,banbury,52.068807,-1.332318
39,eastbourne,50.806248,0.290451
41,aberdeen,57.173898,-2.086256
44,grovelands,51.633076,-0.113769
45,lutonwardown,51.889853,-0.420917
46,basildon,51.577778,0.499615
47,plean,56.057791,-3.881607
48,kingsway,51.821487,-2.272804
49,frimleylodge,51.298622,-0.724851
50,ashtoncourt,51.443592,-2.639948
51,hackneymarshes,51.553686,-0.025368
53,averyhill,51.449459,0.075155
54,tamartrails,50.535163,-4.201763
56,olddeerpark,51.464417,-0.306973
57,townmoor,54.988451,-1.617143
58,colwick,52.945171,-1.09786
59,preston,53.751374,-2.703902
60,southampton,50.923624,-1.407766
61,lydiard,51.561489,-1.853621
63,rostrevor,54.099486,-6.193448
64,andover,51.221092,-1.512766
65,prudhoeriverside,54.968071,-1.863141
68,forestofdean,51.808701,-2.605219
69,coventry,52.39172,-1.524026
71,guildford,51.247383,-0.562062
72,hampsteadheath,51.558598,-0.168185
75,kingston,51.426567,-0.309516
76,brockwell,51.452538,-0.105464
77,leamington,52.28714,-1.504655
78,cannockchase,52.73744,-1.99542
79,maidstoneriverpark,51.29641,0.507689
81,oxford,51.790901,-1.262419
82,plymvalley,50.409091,-4.079618
83,trelissick,50.217331,-5.02826
84,riverfront,51.588559,-2.993317
86,endcliffe,53.368631,-1.507364
89,hyndburn,53.781711,-2.376734
91,southsea,50.785396,-1.046174
95,stalbans,51.75193,-0.355371
96,york,53.935375,-1.101379
97,havant,50.875771,-0.975565
98,rugby,52.37318,-1.238464
99,beckenhamplace,51.41853,-0.01959
100,whiteley,50.884669,-1.250819
101,norwich,52.620422,1.255682
102,torbayvelopark,50.423441,-3.564297
103,ashford,51.14347,0.864218
104,braunstone,52.626129,-1.178681
106,oldham,53.534187,-2.104118
107,rodingvalley,51.638607,0.066415
108,bedford,52.148125,-0.459366
109,millom,54.21399,-3.26996
111,dudley,52.490027,-2.134568
112,bestwoodvillage,53.022132,-1.171188
113,miltonkeynes,52.05011,-0.722984
114,hyde,53.45713,-2.076554
116,phoenix,53.337865,-2.681623
118,knowsley,53.411116,-2.811654
120,newtown,52.514658,-3.319012
121,bathskyline,51.372899,-2.330376
122,moorsvalley,50.85124,-1.849419
124,shipleycountry,53.008339,-1.359978
125,rickmansworth,51.633087,-0.47589
126,highburyfields,51.546959,-0.102884
127,halifax,53.731746,-1.873871
128,miltoncountry,52.236675,0.161906
131,listerpark,53.814575,-1.775102
132,canterbury,51.299468,1.057002
133,nonsuch,51.356926,-0.231078
137,sthelens,53.46322,-2.744088
138,royaltunbridgewells,51.133614,0.284851
140,sheptonmallet,51.187513,-2.542461
143,eastleigh,50.971433,-1.374032
148,boston,52.990156,-0.038556
149,lincoln,53.208848,-0.560904
151,pontefract,53.697922,-1.325197
153,rosliston,52.754526,-1.639681
154,crystalpalace,51.419846,-0.065703
155,carlisle,54.886025,-2.963455
156,whitleybay,55.048875,-1.448736
158,aviemore,57.205275,-3.818635
159,strathclyde,55.789631,-4.031425
160,camperdown,56.483681,-3.030896
161,minehead,51.207524,-3.469591
164,arrowvalley,52.305986,-1.913661
165,waterworks,54.619299,-5.942613
171,peacehaven,50.794092,0.012418
172,bournemouth,50.73362,-1.832732
174,mansfield,53.174034,-1.183844
176,brueton,52.406754,-1.764593
177,eglinton,55.643935,-4.669662
178,navan,53.661214,-6.693934
181,northampton,52.248143,-0.884445
182,markeaton,52.935408,-1.504769
183,valentines,51.56749,0.07198
184,oakhill,51.637718,-0.153744
185,greenock,55.956525,-4.767348
188,colchestercastle,51.89167,0.902724
189,cannonhill,52.452637,-1.89997
190,lloyd,51.364807,-0.079973
191,gunnersbury,51.499405,-0.292253
192,burnhamoncrouch,51.627409,0.810923
198,greenhamcommon,51.378426,-1.292267
199,warrington,53.384221,-2.574685
200,stonehaven,56.969993,-2.212502
201,worcester,52.186989,-2.178726
203,whitstable,51.365295,1.041942
204,westmill,51.821422,-0.060813
206,falkirk,55.99543,-3.766712
209,merthyr,51.73896,-3.375658
210,bracknell,51.390248,-0.776844
213,brierleyforest,53.131155,-1.295214
215,harrogate,53.992428,-1.521435
216,montrose,56.726297,-2.455223
217,lymingtonwoodside,50.747747,-1.54548
218,southnorwood,51.396111,-0.059908
221,southport,53.656276,-2.985341
222,wolverhampton,52.588775,-2.140875
224,gloucesternorth,51.878304,-2.231707
225,perth,56.40515,-3.435422
226,worcesterpitchcroft,52.201513,-2.231964
228,newport,51.559479,-3.030939
229,congleton,53.160781,-2.229795
230,wansteadflats,51.56078,0.014977
232,durham,54.767605,-1.558852
233,poole,50.720348,-1.968876
234,henleyonthames,51.531978,-0.919288
237,derrycity,55.006966,-7.318933
239,killerton,50.792835,-3.455007
240,barnsley,53.544369,-1.486115
241,riddlesdown,51.318485,-0.079549
242,chester,53.207796,-2.902368
244,kettering,52.384226,-0.710653
245,burystedmunds,52.224887,0.730183
246,marketharborough,52.474487,-0.924979
247,rothwell,53.750032,-1.473456
248,gateshead,54.944733,-1.602094
249,standrews,56.317711,-2.838234
250,nobles,54.166432,-4.480834
251,walsall,52.58725,-1.966252
252,penningtonflash,53.491608,-2.542745
254,pymmes,51.61887,-0.066953
255,princes,53.386456,-2.956975
258,huddersfield,53.650608,-1.800685
259,maesteg,51.609499,-3.665573
261,longeaton,52.895155,-1.285853
263,uptonhouse,50.734891,-2.013428
265,medina,50.725879,-1.143079
273,bolton,53.574715,-2.395615
274,edenproject,50.358315,-4.74285
275,raphael,51.585798,0.19249
276,ferrymeadows,52.565563,-0.308132
277,maldonprom,51.726742,0.68877
278,normanbyhall,53.638407,-0.659924
279,billericay,51.632966,0.417446
280,winchester,51.069286,-1.310849
282,wycomberye,51.62337,-0.74009
285,stevenage,51.902634,-0.17993
286,conkers,52.739475,-1.543021
288,barnstaple,51.072561,-4.053612
290,concord,53.424007,-1.441612
291,abingdon,51.667957,-1.277429
293,linfordwood,52.05864,-0.760168
294,gunpowder,51.676037,-0.000831
295,belfastvictoria,54.608785,-5.881573
296,sandwellvalley,52.521531,-1.97579
297,roundhay,53.83828,-1.496007
299,horsham,51.066504,-0.327885
300,allypally,51.595936,-0.12233
302,wormwoodscrubs,51.520412,-0.238523
304,barrow,54.117706,-3.218855
307,thornbury,51.606368,-2.530114
308,eastville,51.475453,-2.554304
309,hoblingwell,51.400981,0.098847
310,wythenshawe,53.405502,-2.288139
312,ecos,54.867371,-6.259117
313,kingslynn,52.752762,0.407446
314,southwickcountrypark,51.306461,-2.234092
317,windynook,54.940189,-1.563025
327,hanley,53.012501,-2.175164
328,colneylane,52.621317,1.22519
329,troon,55.541413,-4.670058
334,vogrie,55.856879,-2.995012
335,southend,51.523431,0.787526
338,sewerby,54.103268,-0.160761
341,ayr,55.436189,-4.624316
343,mileend,51.518169,-0.033946
344,dulwich,51.443869,-0.079206
347,stonehouse,51.752554,-2.287804
348,chippenham,51.460469,-2.113119
351,bressay,60.158081,-1.119683
352,queens,54.555092,-5.963387
353,falls,54.586363,-5.978879
355,worsleywoods,53.494328,-2.359056
356,sedgefield,54.653008,-1.466289
357,houghtonhall,51.90155,-0.510046
359,redcar,54.615225,-1.07902
360,livingston,55.886797,-3.518828
363,gadebridge,51.758909,-0.473542
366,netleyabbey,50.865345,-1.334453
370,marple,53.404476,-2.056509
371,portrush,55.204638,-6.648788
372,graves,53.338906,-1.464657
373,malahide,53.444487,-6.162729
374,clonakilty,51.617636,-8.89884
375,wallace,54.516511,-6.036816
377,tilgate,51.097,-0.175623
378,beckton,51.51176,0.046542
379,brynbach,51.781621,-3.269548
382,burnley,53.77834,-2.221555
384,blackhill,54.858315,-1.842366
385,riverside,54.853983,-1.563277
386,citypark,54.451093,-6.386002
387,dewsbury,53.688239,-1.646237
389,gladstone,51.556982,-0.228223
390,crane,51.441168,-0.372075
391,hillyfields,51.460143,-0.025019
392,burgess,51.484536,-0.081024
394,stewart,54.53809,-1.203561
398,darlingtonsouthpark,54.51484,-1.560531
403,orpington,51.365283,0.117224
406,barking,51.545894,0.087312
407,aliceholt,51.16858,-0.836903
410,peterpan,53.73833,-0.402181
411,southshields,54.995687,-1.408052
413,goole,53.710492,-0.891098
414,rushcliffe,52.882497,-1.149104
415,burnage,53.407152,-2.209185
421,wotton,51.633149,-2.368786
422,homewood,51.366808,-0.539078
423,aberystwyth,52.414546,-4.080401
430,woodley,51.45418,-0.903669
432,sheringham,52.928775,1.180601
440,uptoncourt,51.49616,-0.577525
441,chelmsfordcentral,51.732577,0.464945
442,harrowlodge,51.555606,0.200715
443,brockenhurst,50.821853,-1.567476
444,linwood,55.854033,-4.505078
445,wimpoleestate,52.140442,-0.047207
448,delamere,53.228588,-2.680991
449,cheltenham,51.908452,-2.075153
450,aylesbury,51.83162,-0.838394
451,newent,51.926515,-2.410056
453,hackworth,54.628071,-1.644945
457,hartlepool,54.686937,-1.195128
460,telford,52.67123,-2.447934
461,walthamstow,51.602666,-0.007854
462,huntingdon,52.330591,-0.213662
464,brandoncountrypark,52.436339,0.625877
465,thetford,52.4156,0.743766
466,llynllechowain,51.812913,-4.080563
467,templenewsam,53.784781,-1.456461
468,southwark,51.494242,-0.053151
473,crichton,55.050773,-3.594589
477,scunthorpe,53.581755,-0.656476
478,rotherham,53.430538,-1.343218
479,rothervalley,53.341508,-1.320226
480,marlay,53.27689,-6.271777
481,forestrec,52.965352,-1.159766
482,enniskillen,54.343834,-7.642293
483,crossflatts,53.775754,-1.55757
484,hillsborough,53.408457,-1.501973
485,kingsburywater,52.561983,-1.698718
491,ganavansands,56.437766,-5.469021
510,pontypridd,51.602009,-3.339028
511,porthcawl,51.476331,-3.705976
518,didcot,51.612792,-1.239
519,clair,51.004322,-0.100143
520,margate,51.39207,1.403997
521,pegwellbay,51.320957,1.361446
522,chippingsodbury,51.544366,-2.397165
524,newbigginbythesea,55.185215,-1.505386
525,prestonpark,50.841557,-0.148616
527,eastgrinstead,51.129008,0.001373
535,shornewoods,51.404426,0.418618
537,musacookstown,54.615093,-6.735656
540,tollcross,55.847494,-4.179461
549,penallta,51.644889,-3.245679
551,queenelizabeth,50.956372,-0.978384
556,macroomcastledemesne,51.904698,-8.962054
567,clactonseafront,51.781574,1.142974
569,omagh,54.602837,-7.296222
570,newark,53.070031,-0.81905
572,clumberpark,53.268022,-1.065717
575,workington,54.647169,-3.539767
578,griffeen,53.343685,-6.445112
580,seaton,50.703349,-3.072064
581,canonspark,51.612291,-0.296184
584,ormeau,54.588374,-5.914786
585,antrim,54.717078,-6.238818
613,sheffieldcastle,53.366782,-1.436827
615,stannes,53.371179,-6.174574
620,osterley,51.489403,-0.349889
621,skipton,53.961331,-2.030004
625,westport,53.797982,-9.519267
628,shrewsbury,52.706942,-2.75921
631,sandallpark,53.544969,-1.089474
632,weymouth,50.625242,-2.447795
633,corby,52.493879,-0.691774
635,flattslane,54.543872,-1.151741
636,clarecastle,52.076428,0.581882
640,haverfordwest,51.797163,-4.992836
641,victoria,55.877504,-4.332347
646,castlewellan,54.262147,-5.95386
654,brentwood,51.622582,0.266879
655,catton,52.656696,1.295507
656,hazlehead,57.141371,-2.175647
658,armagh,54.339812,-6.652951
659,larne,54.88843,-5.843595
660,alness,57.694306,-4.256669
674,fulhampalace,51.472465,-0.218493
680,greatlines,51.388527,0.541334
681,longrunmeadow,51.018755,-3.114989
682,northalafields,51.541272,-0.376711
683,tonbridge,51.197605,0.270174
696,blickling,52.813653,1.221671
697,pontypool,51.699213,-3.028573
701,pomphreyhill,51.479321,-2.47805
727,ruchill,55.884538,-4.276162
740,ardgillan,53.586088,-6.161152
741,naas,53.220327,-6.644948
742,carrickfergus,54.719992,-5.805285
748,fountainsabbey,54.110196,-1.581983
754,kirkcaldy,56.104087,-3.169549
755,lanhydrock,50.441131,-4.69614
761,penrith,54.658026,-2.720532
762,greatcornard,52.02463,0.751362
765,risingsun,55.01998,-1.532028
779,beeston,52.913592,-1.201737
780,bangor,54.660024,-5.661693
781,castlebar,53.850327,-9.309314
782,ormskirk,53.559245,-2.868097
783,lymepark,53.337193,-2.058402
814,reigatepriory,51.23435,-0.208644
821,cleethorpes,53.541552,-0.025384
828,keswick,54.603863,-3.129497
829,springburn,55.889857,-4.224823
837,parke,50.59305,-3.686562
843,rushmoor,51.265798,-0.755847
851,buckingham,51.998987,-0.984462
852,druridgebay,55.292765,-1.572348
866,humberbridge,53.71723,-0.453352
869,pendle,53.863571,-2.18011
871,knocknacarra,53.265061,-9.134823
874,bognorregis,50.786913,-0.668305
879,cheadlehulme,53.379026,-2.210652
882,peckhamrye,51.455486,-0.060688
883,watergrove,53.657034,-2.131777
885,tymon,53.295314,-6.3282
886,comber,54.549593,-5.740415
887,wetherby,53.925673,-1.392197
893,portobello,55.950689,-3.122656
895,oldbridge,53.723043,-6.418183
896,waterstown,53.358719,-6.370558
898,letterkenny,54.959034,-7.729891
899,oakwellhall,53.739437,-1.671596
907,colbywoodlandgarden,51.74064,-4.669924
911,greatnotley,51.864147,0.51584
931,woking,51.311708,-0.556204
932,cranleigh,51.13819,-0.49151
947,blandford,50.863122,-2.16627
948,exeterriverside,50.713762,-3.525833
954,whinlatterforest,54.610017,-3.22446
955,chichester,50.846182,-0.777535
956,nostell,53.650212,-1.381241
961,dartford,51.439141,0.220166
962,valley,54.659949,-5.928342
965,folkestone,51.075729,1.172753
966,bereisland,51.632369,-9.81755
975,kesgrave,52.058138,1.257741
996,kilkenny,52.648977,-7.245307
1001,hereford,52.068892,-2.724152
1002,tamarlakes,50.879837,-4.433418
1010,vicarstown,53.056008,-7.083459
1017,fellfoot,54.274736,-2.952259
1018,panshanger,51.798644,-0.138723
1026,ellesmereport,53.272524,-2.902542
1027,clarisford,52.796642,-8.441796
1029,penrhyn,53.226852,-4.094495
1030,harcourthill,51.739369,-1.295191
1031,harlow,51.77766,0.103624
1047,perryhall,52.52486,-1.911825
1049,poppintree,53.398403,-6.286613
1050,cootehill,54.081471,-7.086978
1053,daventry,52.262374,-1.15732
1054,ballina,54.120048,-9.146141
1058,hartstown,53.395076,-6.415828
1059,conwy,53.282144,-3.820297
1071,meltonmowbray,52.780002,-0.879068
1088,tralee,52.266242,-9.705376
1109,maidenhead,51.51095,-0.712135
1110,hockleywoods,51.596133,0.64912
1111,widnes,53.374508,-2.730069
1130,northallerton,54.348466,-1.435519
1133,sligo,54.265977,-8.452828
1139,southoxhey,51.631433,-0.393135
1143,limavady,55.047128,-6.944777
1152,cassiobury,51.657677,-0.406335
1172,penrose,50.096824,-5.281819
1173,evesham,52.090191,-1.958122
1179,wexfordracecourse,52.337798,-6.488119
1180,leesroad,52.863938,-9.003332
1182,croxtethhall,53.44217,-2.891774
1192,shanganagh,53.227908,-6.114882
1193,cabinteely,53.26137,-6.158811
1197,hastings,50.850291,0.539739
1199,wilmslow,53.331288,-2.231588
1200,barryisland,51.390202,-3.271371
1201,lullingstone,51.353118,0.187147
1211,stamfordpark,53.490901,-2.066163
1229,newross,52.316359,-6.928439
1240,burnhamandhighbridge,51.226679,-2.990243
1243,hortonpark,53.782455,-1.77538
1245,barclay,51.759056,-0.019442
1250,dundalk,53.984567,-6.386803
1251,castleblayney,54.1219,-6.728947
1252,brundall,52.624133,1.417369
1253,salisbury,51.061528,-1.789858
1254,bramley,53.813432,-1.633461
1256,dunfermline,56.070684,-3.470694
1259,heslington,53.949319,-1.01799
1264,gedling,52.993919,-1.087124
1267,aldenham,51.647953,-0.316507
1268,hovepromenade,50.823391,-0.166594
1270,tewkesbury,51.987666,-2.159373
1271,leeonthesolent,50.801087,-1.20383
1275,birkenhead,53.394807,-3.051658
1289,lowestoft,52.468286,1.747338
1290,harwich,51.938035,1.284809
1300,dartfordheath,51.435932,0.189929
1301,stormont,54.598318,-5.837749
1302,tramorevalley,51.877221,-8.456427
1306,witton,53.74055,-2.517211
1307,ellon,57.359262,-2.056968
1308,wyreforest,52.365002,-2.369798
1309,swanseabay,51.611029,-3.967061
1311,glossop,53.447019,-1.939503
1312,jersey,49.195026,-2.204124
1315,grangemoor,51.454464,-3.192412
1316,fathercollins,53.405158,-6.16021
1321,donabate,53.486227,-6.167897
1326,thurrock,51.491427,0.363436
1329,sherwoodpines,53.165828,-1.084839
1330,leybournelakes,51.31537,0.437343
1331,colinglen,54.570723,-6.020504
1332,rutlandwater,52.643712,-0.624447
1339,beltonhouse,52.942743,-0.620021
1344,porterstown,53.370116,-6.402238
1345,holkham,52.950159,0.801022
1347,haighwoodland,53.572714,-2.609519
1348,rushmere,51.947057,-0.674095
1349,gnoll,51.661114,-3.788616
1351,leicestervictoria,52.620954,-1.121659
1353,stretford,53.446121,-2.290281
1354,crosby,53.48269,-3.046711
1359,lythamhall,53.744855,-2.977613
1365,limerick,52.675635,-8.582395
1369,lydney,51.721613,-2.52648
1373,glengarriff,51.755548,-9.566904
1376,march,52.550069,0.086208
1378,bevendeandown,50.844709,-0.107027
1381,tramore,52.159283,-7.141892
1384,falcarragh,55.140535,-8.099661
1385,lancaster,54.04568,-2.781183
1387,mountedgcumbe,50.357664,-4.175493
1388,dolgellau,52.744574,-3.886527
1390,castlehaven,51.551575,-9.170294
1395,tootingcommon,51.433342,-0.14677
1401,mortimerforest,52.353284,-2.773078
1402,stratforduponavon,52.184998,-1.701445
1408,dalbyforest,54.273821,-0.686599
1409,sittingbourne,51.354976,0.740569
1412,erris,54.203272,-10.082041
1413,vandeleur,52.636121,-9.472935
1414,elgin,57.653393,-3.313072
1415,dungloe,54.952769,-8.348957
1422,bedgeburypinetum,51.071871,0.450168
1429,portsmouthlakeside,50.840654,-1.08157
1432,bideford,51.024075,-4.204316
1434,newcastlewest,52.450747,-9.06854
1437,poolsbrook,53.259118,-1.348842
1438,worthing,50.810312,-0.3645
1439,guernsey,49.502341,-2.530312
1441,fareham,50.848448,-1.167385
1451,loughkey,53.984896,-8.235512
1452,bicester,51.891101,-1.146866
1454,mullingar,53.517513,-7.368025
1455,wepre,53.205552,-3.056846
1457,chaddertonhall,53.554066,-2.158552
1459,erddig,53.027137,-3.006833
1460,longford,53.732429,-7.789952
1469,drumchapel,55.91688,-4.350674
1489,ballincollig,51.891833,-8.605349
1492,cwmbran,51.640709,-3.007679
1506,rivervalley,53.454443,-6.243532
1507,oranmore,53.246377,-8.959767
1509,salewater,53.429585,-2.294545
1550,gorey,52.680041,-6.299324
1602,merseaisland,51.79164,0.99368
1617,templemore,52.798741,-7.839498
1627,blackpool,53.811727,-3.023114
1629,russborough,53.141736,-6.56763
1630,bushydublin,53.298951,-6.296455
1643,claremorris,53.712598,-8.997864
1659,tullow,52.794943,-6.660345
1662,castlerea,53.767763,-8.480996
1664,listowel,52.443179,-9.479681
1672,clonmel,52.352179,-7.694956
1694,mountlucas,53.281689,-7.206523
1707,monaghantown,54.230083,-6.99626
1712,fairview,53.363864,-6.228896
1714,corkagh,53.315227,-6.410276
1729,buncrana,55.132338,-7.462667
1731,poolbeg,53.337026,-6.210301
1742,carlowtown,52.838536,-6.93414
1743,darndale,53.402785,-6.18863
1765,castlepark,51.87167,0.164165
1782,oughterard,53.428361,-9.315907
1785,tolkavalley,53.378396,-6.297293
1791,selby,53.751824,-1.078398
1795,clifton,52.907144,-1.163033
1796,melksham,51.377226,-2.136235
1797,rogiet,51.583268,-2.779965
1798,monsaltrail,53.230788,-1.675286
1802,exmouth,50.614697,-3.412392
1814,brickfields,53.331707,-6.310669
1827,letchworth,51.999895,-0.22279
1832,cirencester,51.711207,-1.99109
1834,llanerchaeron,52.220443,-4.235798
1835,southwoodhamferrers,51.631642,0.613014
1839,gloucestercity,51.858707,-2.243129
1840,bedworth,52.476054,-1.47027
1842,greatdenham,52.121602,-0.509062
1844,crewe,53.097388,-2.470556
1846,sixfieldsupton,52.228528,-0.942236
1849,molevalley,51.248259,-0.330645
1852,witney,51.789974,-1.513356
1853,hogmoorinclosure,51.111681,-0.875934
1858,haverhill,52.076737,0.422212
1869,thewammy,53.017811,-2.238701
1875,portumna,53.082436,-8.241043
1876,hazelwood,51.405783,-0.421045
1882,claphamcommon,51.455873,-0.151331
1891,macclesfield,53.251413,-2.1303
1892,thurso,58.589573,-3.521554
1903,felixstowe,51.957778,1.345741
1904,prospect,51.448386,-1.00741
1906,heartlands,50.224177,-5.2715
1908,northwich,53.265511,-2.510876
1916,fortwilliam,56.851484,-4.999161
1923,kirkwall,58.982282,-2.948069
1924,greatdunmow,51.878681,0.3627
1935,avondaleforest,52.908152,-6.225626
1945,catford,51.44824,-0.00863
1947,swaffham,52.638607,0.688461
1948,street,51.129515,-2.729089
1950,middletonwoods,53.751892,-1.557233
1968,inchbeach,52.137776,-9.977697
1977,lochoremeadows,56.150699,-3.33708
1981,clitheroecastle,53.870346,-2.39478
1982,aberdare,51.718796,-3.460089
2008,cotsfordfields,54.759499,-1.30077
2009,pocket,52.214797,-0.275327
2012,newboroughforest,53.144163,-4.386757
2014,littleport,52.463048,0.299342
2015,armley,53.800347,-1.590893
2025,whitehaven,54.524733,-3.573636
2026,dintonpastures,51.440292,-0.880056
2029,severnbridge,51.619014,-2.664531
2031,fleetwoodpromenade,53.927366,-3.016919
2049,girvanprom,55.243994,-4.862538
2050,manorfieldwhittlesey,52.551869,-0.125941
2051,footscraymeadows,51.428711,0.136191
2056,orangefield,54.588509,-5.884361
2057,nantypandy,53.257642,-4.313233
2059,dishleyloughborough,52.787485,-1.234785
2064,suttonpark,52.558716,-1.844552
2065,lanarkmoor,55.666318,-3.750284
2067,lancingbeachgreen,50.820591,-0.323792
2069,lochleven,56.219434,-3.358085
2075,ford,54.198427,-3.088135
2077,sizewell,52.210167,1.622193
2082,dungannonpark,54.489432,-6.755359
2084,higginsonmarlow,51.566268,-0.779573
2085,cliffecastle,53.874658,-1.913364
2087,strokestown,53.776186,-8.098492
2090,mungret,52.632016,-8.681348
2092,wendoverwoods,51.76894,-0.716782
2106,watermeadows,52.13458,-0.988391
2109,walmeranddealseafront,51.2095,1.403179
2113,marlboroughcommon,51.42448,-1.732581
2117,coldhamscommon,52.206705,0.158881
2129,teignmouthpromenade,50.544428,-3.494987
2131,henleywood,52.862542,-3.030368
2159,aberbeeg,51.711165,-3.144286
2164,myrtle,53.846344,-1.838295
2165,fletchermoss,53.40999,-2.23551
2167,deerparkcarlanstown,53.765863,-6.836092
2169,haylodge,55.651659,-3.199586
2175,marketrasenracecourse,53.380502,-0.309019
2179,somerdalepavilion,51.426469,-2.495689
2180,brooklands,51.346969,-0.471408
2182,jerseyfarm,51.773718,-0.307978
2184,potternewton,53.818446,-1.526274
2185,glenriver,51.912716,-8.455532
2188,fireservicecollege,51.990688,-1.675487
2189,woolacombedunes,51.159264,-4.209982
2191,frickleycountry,53.588573,-1.290457
2192,eastbrighton,50.818691,-0.099373
2196,isabeltrail,52.808242,-2.125953
2199,kewwoods,53.629073,-2.995064
2209,crathescastle,57.061178,-2.440954
2213,thepastures,55.418455,-1.705393
2226,meadowmill,55.954249,-2.966242
2231,hafanpwllheli,52.888538,-4.402811
2232,seafordbeach,50.778986,0.079566
2234,lochneaton,52.577558,0.8274
2235,dunstabledowns,51.865432,-0.537791
2247,highwoods,51.904682,0.917561
2248,marshalldrive,54.574096,-0.947956
2250,haldonforest,50.653392,-3.579359
2253,californiacountry,51.379583,-0.867647
2255,groe,52.150418,-3.403113
2256,centrevale,53.718272,-2.102438
2257,lingwood,52.618901,1.493528
2259,sunnyhill,51.598193,-0.229717
2270,millenniumcountry,52.065265,-0.534082
2272,lochendwoods,55.997214,-2.521501
2273,knockanacreewoods,52.954397,-8.040969
2278,snowdenfield,52.673995,-0.164731
2284,penistone,53.526568,-1.635407
2286,royalcanalkilcock,53.400501,-6.670893
2292,morecambeprom,54.065082,-2.885102
2293,littlehamptonprom,50.802284,-0.541939
2297,pontybala,52.912396,-3.593199
2299,kingdom,51.162408,0.162768
2304,tynegreen,54.977878,-2.101526
2306,blythlinks,55.106922,-1.499456
2314,hanworth,51.43874,-0.398287
2320,sloughbottom,52.647255,1.266994
2323,uckfield,50.977857,0.11306
2325,clonburwoods,53.547406,-9.361828
2327,conynghamhall,54.011758,-1.479507
2328,thomasmills,52.228375,1.325981
2350,chasewater,52.661987,-1.944407
2352,bethlemroyalhospital,51.385332,-0.029969
2354,tetburygoodsshed,51.637222,-2.155818
2360,polkemmetcountry,55.866214,-3.720256
2364,alvaston,52.906173,-1.440173
2381,narinbeach,54.839814,-8.448642
2383,holycrosscollege,54.815718,-7.477408
2384,millfield,54.125154,-1.190864
2387,cyclopark,51.419922,0.352561
2398,severnvalleycountry,52.453316,-2.364842
2402,stmarys,50.729456,-2.760744
2403,beverleywestwood,53.840255,-0.440675
2407,herringtoncountry,54.876573,-1.476809
2408,sixmilewater,54.750004,-5.998945
2409,theoldshowfield,51.236186,-2.308238
2414,tawdvalley,53.550281,-2.775829
2416,drumpelliercountry,55.871588,-4.065615
2419,leazes,54.977078,-1.625633
2427,babbsmill,52.489833,-1.746034
2429,rossonwye,51.912943,-2.594417
2432,stratfordparkstroud,51.74897,-2.225007
2434,mallardspike,51.784666,-2.528555
2439,killarneyhouse,52.057309,-9.516537
2446,squerryeswinery,51.275986,0.08667
2449,deancastlecountrypark,55.622901,-4.482932
2450,millhouses,53.338516,-1.505027
2451,kinggeorgevplayingfield,51.901883,-2.110018
2452,alderfordlake,52.953181,-2.675436
2453,deerparkforest,53.836235,-7.103269
2459,mountstuart,55.792888,-5.019453
2460,milfordwaterfront,51.710763,-5.031507
2461,cusworthhall,53.529479,-1.177617
2462,brynaman,51.808402,-3.869719
2465,warwickracecourse,52.280789,-1.595954
2466,clevedonsalthousefields,51.434573,-2.866505
2481,ifieldmillpond,51.107508,-0.218863
2487,theleas,51.434038,0.80213
2491,hunstantonpromenade,52.941684,0.486526
2500,coole,53.093422,-8.838605
2501,universityofstirling,56.147968,-3.923762
2502,jesmonddene,54.99188,-1.592839
2507,uryriverside,57.291953,-2.372062
2509,jubilee,54.701073,-1.604602
2510,queensglasgow,55.833509,-4.270076
2514,salceyforest,52.159223,-0.841556
2522,irchestercountry,52.285076,-0.673649
2529,capepembrokelighthouse,-51.683211,-57.757716
2532,tremorfa,51.486237,-3.132727
2538,oriam,55.909754,-3.31715
2539,oaklands,52.466391,-1.818013
2542,eastpark,52.579042,-2.101975
2543,landsend,50.066127,-5.714096
2544,sohamvillagecollege,52.329737,0.338064
2551,sevenfields,51.586619,-1.781711
2552,alexandra,53.450142,-2.248827
2555,brixworthcountry,52.318576,-0.895675
2558,agnew,54.908188,-5.0349
2560,suttonmanor,53.411392,-2.726901
2569,novaprestatyn,53.342126,-3.414183
2570,chippingnortonschool,51.93812,-1.54029
2571,levengrove,55.940721,-4.57567
2573,fulbournhospital,52.184131,0.186094
2575,cosmestonlakes,51.418047,-3.185615
2578,sandhurstmemorial,51.343825,-0.791694
2585,consmith,54.00096,-7.356701
2589,wollatonhall,52.951893,-1.211018
2596,lewscastle,58.207899,-6.396894
2598,berkeleygreen,51.690962,-2.497513
2599,coedcefnpwlldu,51.591855,-3.140954
2600,wallaceneuk,55.585864,-2.448162
2607,doddingtonhall,53.222149,-0.650558
2611,beacon,52.685891,-1.83863
2613,bowlingpark,53.778303,-1.739889
2615,greatyarmouthnorthbeach,52.613141,1.73892
2620,rothaypark,54.431563,-2.969788
2624,borrisokanetown,52.998198,-8.132919
2625,bolberrydown,50.23197,-3.842329
2635,wickfordmemorial,51.619452,0.535186
2640,itchenvalleycountry,50.944849,-1.341722
2641,crawfordsburncountry,54.666682,-5.729434
2642,chalkwellbeach,51.536925,0.676231
2668,trelaipark,51.478969,-3.232766
2669,faskallyforest,56.7118,-3.767296
2671,horspath,51.737281,-1.188165
2674,mallowcastle,52.134517,-8.637864
2680,greenfieldvalley,53.275044,-3.220992
2690,churchmead,51.667191,-0.614472
2691,edgbastonreservoir,52.476722,-1.936437
2710,woodgatevalleycountrypark,52.449447,-2.005952
2711,achillgreenway,53.930631,-9.930001
2714,carlislepark,55.165172,-1.691159
2730,illaunmanagh,52.700096,-8.873242
2740,peel,53.48759,-2.270682
2742,bowerpark,54.761523,-3.331244
2754,pobalscoilnatrionoide,51.950567,-7.873244
2759,chevinforest,53.894133,-1.665858
2760,robertspark,53.841468,-1.793275
2761,centralplymouth,50.385099,-4.151031
2765,penryncampus,50.170244,-5.124008
2769,thegrandcanalway,53.2784,-7.4862
2777,henlowbridgelakes,52.030537,-0.268787
2779,sharphamroadplayingfields,51.279496,-2.793181
2780,porchfield,53.554741,-6.782598
2798,chiltonfields,52.197076,0.975934
2819,hillsboroughforest,54.461336,-6.076662
2873,garvaghforest,54.977416,-6.695537
2877,grovefields,51.600059,-1.425256
2885,watermeadcountrypark,52.690658,-1.103213
2886,sutcliffe,51.454343,0.026739
2892,flegghigh,52.713022,1.640492
2893,sandringham,52.829752,0.504942
2894,broadwater,51.197911,-0.598312
2896,torvean,57.462669,-4.24886
2899,harlestonmagpies,52.384367,1.295457
2900,cranbrookcountrypark,50.750746,-3.417858
2901,sandywater,51.680293,-4.174644
2907,charlton,51.480751,0.041628
2916,edwincarolancommunity,53.807985,-6.939783
2925,sportirelandcampus,53.392563,-6.357092
2927,thegreatfield,50.713642,-2.458095
2928,swanley,51.404175,0.17519
2929,chopwellwood,54.922026,-1.790884
2931,thecindertrack,54.4779,-0.620751
2932,buryfield,52.088015,-0.728725
2936,hamsterleyforest,54.675593,-1.858786
2937,altonwater,51.974806,1.134021
2944,markshall,51.897737,0.673757
2960,bartleypark,50.914371,-1.509865
2962,westlinks,56.551299,-2.602859
2963,forfarloch,56.642663,-2.908213
2964,belvoircastle,52.894882,-0.786835
2968,southall,51.509737,-0.36957
2969,talkintarncountrypark,54.924753,-2.707392
2970,marineparade,51.342355,-2.981436
2975,greatsalterns,50.809385,-1.046606
2991,ancholmevalleyway,53.553676,-0.496441
2992,northwalsham,52.818216,1.391589
2993,universityparks,51.761468,-1.251068
2995,trenthamgardens,52.963874,-2.199424
3002,downhammarketacademy,52.6034,0.389471
3007,northyorkshirewaterpark,54.227812,-0.482836
3008,rendleshamforest,52.083267,1.428606
3013,frogmarygreenfarm,50.941688,-2.824426
3014,derrynoidforest,54.802964,-6.810505
3018,ashbournerecreationground,53.018719,-1.727477
3023,dunleathplayingfields,54.323473,-5.718077
3030,durlstoncountrypark,50.595211,-1.954023
3033,hastingshighschool,52.53526,-1.356127
3035,edenbrookcountry,51.280199,-0.867088
3060,ruthinmemorialplayingfields,53.115985,-3.317265
3061,elderpark,55.863235,-4.32197
3062,motepark,51.269539,0.541967
3065,largsprom,55.802062,-4.873064
3066,bramshallroad,52.895262,-1.871048
3068,llanishenpark,51.529533,-3.196302
3069,chippenhamplayingfields,51.80783,-2.718161
3071,tidworth,51.224947,-1.667571
3076,mildenhallhub,52.342792,0.499399
3078,alderleypark,53.2793,-2.231854
3082,holyrood,55.952167,-3.162844
3086,limeparkplayingfields,55.123827,-6.32179
3097,palaceriggcountry,55.937089,-3.949289
3098,ballinamoregreenway,54.055773,-7.794239
3103,fethardtown,52.470288,-7.696725
3154,leavesdencountry,51.704924,-0.403599
3155,mountbellewforest,53.468051,-8.509254
3158,maryportprom,54.7171,-3.50107
3160,erskinewaterfront,55.907749,-4.447774
3161,paviliongardens,53.254611,-1.918759
3163,lordshiprecreationground,51.594341,-0.086951
3165,gangerfarm,51.009374,-1.464821
3171,doddervalley,53.27877,-6.35667
3175,marketbosworthcountrypark,52.623664,-1.391946
3182,auldcathiedistrict,55.963327,-3.477658
3184,stockleycountry,51.51492,-0.458739
3198,yarboroughleisurecentre,53.247281,-0.542854
3204,beaconhillcountrypark,52.730411,-1.233675
3237,philipspark,53.488346,-2.192484
3239,sharphamestate,50.424904,-3.682105
3240,abbeypark,52.645191,-1.132222
3249,wynyardwoodland,54.612497,-1.378363
3255,blaisecastle,51.505672,-2.632932
3272,thamespathwoolwich,51.49615,0.076671
3281,inismeain,53.086057,-9.58935
3282,thornhamwalks,52.304311,1.077504
3286,dentondene,54.977492,-1.694872
3294,oldrailwaytrailllangollen,52.97016,-3.160221
3303,universityofnorthampton,52.230017,-0.886741
3314,teifimarshesnaturereserve,52.073638,-4.648047
3315,ashingtoncommunitywoodland,55.190433,-1.572397
3324,doverwaterfront,51.119994,1.313027
3326,holbrooks,52.439154,-1.509052
3334,aberfields,51.614631,-3.538198
3337,wisbech,52.666891,0.166294
3341,thorpperrow,54.261285,-1.6042
3347,quakerswalk,51.355501,-1.99217
3353,whitekirkhill,56.033364,-2.644542
3354,muncastercastle,54.357004,-3.388267
3355,sillothpromenade,54.873987,-3.387605
3360,clarence,53.604665,-2.289921
3361,sencevalleyforestpark,52.696067,-1.408816
3362,fivearches,51.292354,-2.452787
3370,setuarena,52.251535,-7.178233
3371,baysgarthpark,53.679399,-0.43856
3373,tamworthcastlegrounds,52.630232,-1.695214
3374,thonocklanefarm,53.421158,-0.763594
3378,worden,53.68129,-2.69437
3383,carlingwarkloch,54.934903,-3.927163
3385,riversidewalk,52.075981,-3.127035
3386,fenitgreenway,52.27694,-9.864883
3402,universityofgalway,53.291747,-9.07094
3403,battlesteadcroft,52.78924,-1.683952
3418,brunswickpark,52.556155,-2.009344
3430,laytownbeach,53.678586,-6.236935
3439,tubbercurrytrail,54.051656,-8.748937
3445,montaltoestate,54.393274,-5.899066
3446,wakehurst,51.066755,-0.088633
3458,cycleroute43ystalyfera,51.755941,-3.789728
3467,glenfarnewood,54.287475,-7.986112
3477,thefishermanswalk,54.868789,-6.481169
3480,fulwellquarry,54.9329,-1.396723
3481,morden,51.392759,-0.208072
3485,athlonersc,53.428665,-7.922188
3490,ypromenad,51.950753,-3.401145
3498,bughunterwaters,52.28625,0.065252
3503,mallingrec,50.880478,0.011973
3507,ypromenadabermaw,52.7208,-4.056196
3511,theplens,52.446215,-0.81857
3512,threebrooks,51.531366,-2.53918
3519,withernseapromenade,53.728574,0.038024
3522,dereham,52.684276,0.96988
3527,skinadin,57.259099,-5.941175
3534,crinancanal,56.041904,-5.440651
3554,paisleypark,54.604634,-5.972965
3557,battersea,51.478869,-0.160095
3561,simmonspark,50.734898,-3.996543
3562,bundoranpromenade,54.479142,-8.28139
3575,cockermouthgreenway,54.659659,-3.356998
3590,ingrebournehill,51.527042,0.194266
3591,birchallplayingfields,53.093328,-2.024607
3598,blackrocks,53.098298,-1.56564
3600,oaklandscollege,51.754303,-0.288522
3601,greendalefarmshop,50.703157,-3.398836
3602,vermuydenway,53.561636,-0.848034
3608,vicarwatercountrypark,53.158738,-1.120002
3613,thoulstone,51.231618,-2.227571
3614,eghamorbit,51.428178,-0.540107
3619,midletongreenway,51.921387,-8.174868
3622,cuningarloop,55.84069,-4.201428
3633,bensyardely,52.375707,0.291723
3635,queenelizabethsgrammarschool,53.212621,-0.121553
3637,fitzmauricepark,52.638196,1.36115
3638,nairnlinks,57.589215,-3.871407
3643,meonvalleytrailwickham,50.904574,-1.182258
3644,feldyroofitnesstrail,56.622075,-3.875777
3652,parkinthepast,53.122311,-3.047968
3656,lurganpark,54.46303,-6.322774
3658,brickfieldspark,51.377397,-2.385904
3659,loughmacrory,54.627906,-7.106576
3668,christie,55.123837,-6.671908
3669,castlewoods,57.076082,-2.784634
3672,coronationpark,52.773488,-1.586547
3681,newrygreenway,54.170834,-6.339015
3683,parccoedgwilym,51.697844,-3.880411
3686,riversideparkglenrothes,56.199969,-3.175163
3691,jubileebedford,52.121506,-0.447787
3692,heritagecoastalpatheasington,54.789466,-1.318742
3696,woodlandsscarborough,54.28068,-0.417402
3701,christchurchpark,52.061985,1.15821
3705,fordingbridgerecreationground,50.925328,-1.789641
3708,eastholmesfield,53.928537,-1.822741
3714,tourmakeadywood,53.654072,-9.37888
3717,anagachwoods,57.327939,-3.602646
3727,haughmondhill,52.7274,-2.674389
3729,brookleys,52.218625,0.082402
3733,belvoirforest,54.552815,-5.936382
3736,loughhead,54.247811,-7.453552
3739,victoriaparknewbury,51.403431,-1.320524
3740,broadmeadowlinear,53.474318,-6.232618
3753,stanborough,51.785727,-0.219822
3754,ushawhistorichouse,54.787558,-1.658134
3755,becclesquay,52.465352,1.565277
3756,bonessforeshore,56.020326,-3.605223
3760,thedemesnes,54.540052,-1.919779
3761,downslinkshorehambysea,50.844722,-0.286738
3770,kilkennylanecountry,51.774488,-1.595376
3779,whitecliffelake,51.432026,0.304006
3786,franksfarm,52.252306,-0.079185
3787,elemorepark,54.803503,-1.449263
3792,llanfoistcrossing,51.814913,-3.039861
3800,kirkharlecourtyard,55.136742,-1.977584
3801,greenwichpeninsula,51.501803,0.007859
3802,parcdewisant,51.856235,-4.335129
3803,pertonplayingfields,52.594559,-2.19183
3804,queenswoodcountrypark,52.158443,-2.723025
3805,stmatthewsfield,51.123284,-3.016369
3806,ypromenadllandrilloynrhos,53.308381,-3.738822
3809,aruwrittle,51.73677,0.422687
3812,highcliffebeach,50.73854,-1.69299
3815,beecraigscountrypark,55.950217,-3.591206
3817,belladrum,57.439282,-4.46818
3821,flintcastle,53.252769,-3.13028
3822,holmepierrepont,52.942755,-1.092866
3826,thelostgardensofheligan,50.28538,-4.812697
3827,yorkcommunitywoodland,53.964983,-1.149801
3830,holywellkinggeorgevplayingfields,51.641774,-0.416964
3837,gibraltarbotanicalgardens,36.131942,-5.350774
3841,waltonpromenade,51.84594,1.269984
3843,victoriaembankment,52.932657,-1.141872
3846,ardsforestpark,55.159342,-7.888785
3848,weststowcountry,52.311579,0.640728
3860,rothamstedpark,51.812486,-0.356641
3864,wiltonlodgepark,55.422268,-2.802641
3865,llwybrdyffryntywinantgaredig,51.863176,-4.19348
3873,waverleylakes,53.381073,-1.357408
3874,ladymaryswalk,56.374281,-3.858359
3875,greenpark,51.42589,-0.986379
3878,riversideballymoney,55.069,-6.507566
3885,thorneybaybeach,51.513523,0.586015
3886,kingswayparkurmston,53.458191,-2.345924
3889,drumlanrigcastle,55.27479,-3.808622
3890,abbotswood,50.844164,0.211797
3900,claudycountrypark,54.906352,-7.159437
3906,pomeroyforest,54.596257,-6.909834
3907,plantationforest,-15.953474,-5.724605
3915,queensway,52.30484,-0.724143
3926,broughtyferryesplanade,56.468603,-2.851584
3927,oakeypark,54.873853,-1.699802
3932,ballymount,53.309692,-6.373278
3933,brackenhurstcampus,53.063468,-0.963648
3937,valeparkburslem,53.04901,-2.193208
3943,jeskynscommunitywoodland,51.402538,0.387448
3948,bittesbycountrypark,52.466983,-1.2654
3949,aeforest,55.195188,-3.599889
3954,coftonpark,52.385054,-1.993867
3955,westbaydunoon,55.944993,-4.924285
3968,festivalgreen,19.32093,-81.375216
